最高分,最低分,人数,累计,省级行政区,综合,年份,总分(裸分),模式
706,706,14,14,河南,物理类,2026,750,3+1+2
705,705,1,15,河南,物理类,2026,750,3+1+2
704,704,9,24,河南,物理类,2026,750,3+1+2
703,703,5,29,河南,物理类,2026,750,3+1+2
702,702,3,32,河南,物理类,2026,750,3+1+2
701,701,9,41,河南,物理类,2026,750,3+1+2
700,700,7,48,河南,物理类,2026,750,3+1+2
699,699,17,65,河南,物理类,2026,750,3+1+2
696,696,26,91,河南,物理类,2026,750,3+1+2
695,695,17,108,河南,物理类,2026,750,3+1+2
694,694,16,124,河南,物理类,2026,750,3+1+2
693,693,21,145,河南,物理类,2026,750,3+1+2
692,692,20,165,河南,物理类,2026,750,3+1+2
691,691,23,188,河南,物理类,2026,750,3+1+2
690,690,24,212,河南,物理类,2026,750,3+1+2
689,689,37,249,河南,物理类,2026,750,3+1+2
688,688,36,285,河南,物理类,2026,750,3+1+2
687,687,28,313,河南,物理类,2026,750,3+1+2
686,686,38,351,河南,物理类,2026,750,3+1+2
685,685,37,388,河南,物理类,2026,750,3+1+2
684,684,48,436,河南,物理类,2026,750,3+1+2
683,683,44,480,河南,物理类,2026,750,3+1+2
681,681,102,582,河南,物理类,2026,750,3+1+2
680,680,68,650,河南,物理类,2026,750,3+1+2
679,679,61,711,河南,物理类,2026,750,3+1+2
678,678,68,779,河南,物理类,2026,750,3+1+2
677,677,62,841,河南,物理类,2026,750,3+1+2
676,676,77,918,河南,物理类,2026,750,3+1+2
675,675,85,1003,河南,物理类,2026,750,3+1+2
673,673,177,1180,河南,物理类,2026,750,3+1+2
671,671,186,1366,河南,物理类,2026,750,3+1+2
670,670,117,1483,河南,物理类,2026,750,3+1+2
669,669,111,1594,河南,物理类,2026,750,3+1+2
668,668,122,1716,河南,物理类,2026,750,3+1+2
667,667,124,1840,河南,物理类,2026,750,3+1+2
666,666,130,1970,河南,物理类,2026,750,3+1+2
665,665,133,2103,河南,物理类,2026,750,3+1+2
664,664,140,2243,河南,物理类,2026,750,3+1+2
663,663,168,2411,河南,物理类,2026,750,3+1+2
662,662,153,2564,河南,物理类,2026,750,3+1+2
661,661,161,2725,河南,物理类,2026,750,3+1+2
660,660,181,2906,河南,物理类,2026,750,3+1+2
658,658,350,3256,河南,物理类,2026,750,3+1+2
656,656,443,3699,河南,物理类,2026,750,3+1+2
655,655,212,3911,河南,物理类,2026,750,3+1+2
654,654,234,4145,河南,物理类,2026,750,3+1+2
653,653,248,4393,河南,物理类,2026,750,3+1+2
652,652,243,4636,河南,物理类,2026,750,3+1+2
651,651,268,4904,河南,物理类,2026,750,3+1+2
648,648,822,5726,河南,物理类,2026,750,3+1+2
647,647,277,6003,河南,物理类,2026,750,3+1+2
646,646,319,6322,河南,物理类,2026,750,3+1+2
645,645,302,6624,河南,物理类,2026,750,3+1+2
644,644,316,6940,河南,物理类,2026,750,3+1+2
643,643,326,7266,河南,物理类,2026,750,3+1+2
642,642,328,7594,河南,物理类,2026,750,3+1+2
641,641,339,7933,河南,物理类,2026,750,3+1+2
640,640,363,8296,河南,物理类,2026,750,3+1+2
639,639,379,8675,河南,物理类,2026,750,3+1+2
638,638,366,9041,河南,物理类,2026,750,3+1+2
637,637,395,9436,河南,物理类,2026,750,3+1+2
636,636,384,9820,河南,物理类,2026,750,3+1+2
635,635,450,10270,河南,物理类,2026,750,3+1+2
633,633,836,11106,河南,物理类,2026,750,3+1+2
632,632,439,11545,河南,物理类,2026,750,3+1+2
631,631,446,11991,河南,物理类,2026,750,3+1+2
630,630,474,12465,河南,物理类,2026,750,3+1+2
629,629,456,12921,河南,物理类,2026,750,3+1+2
628,628,455,13376,河南,物理类,2026,750,3+1+2
627,627,490,13866,河南,物理类,2026,750,3+1+2
626,626,536,14402,河南,物理类,2026,750,3+1+2
625,625,493,14895,河南,物理类,2026,750,3+1+2
624,624,505,15400,河南,物理类,2026,750,3+1+2
623,623,534,15934,河南,物理类,2026,750,3+1+2
622,622,574,16508,河南,物理类,2026,750,3+1+2
621,621,577,17085,河南,物理类,2026,750,3+1+2
620,620,580,17665,河南,物理类,2026,750,3+1+2
619,619,677,18342,河南,物理类,2026,750,3+1+2
618,618,619,18961,河南,物理类,2026,750,3+1+2
617,617,604,19565,河南,物理类,2026,750,3+1+2
615,615,1327,20892,河南,物理类,2026,750,3+1+2
614,614,718,21610,河南,物理类,2026,750,3+1+2
613,613,715,22325,河南,物理类,2026,750,3+1+2
612,612,720,23045,河南,物理类,2026,750,3+1+2
611,611,715,23760,河南,物理类,2026,750,3+1+2
610,610,772,24532,河南,物理类,2026,750,3+1+2
609,609,758,25290,河南,物理类,2026,750,3+1+2
608,608,746,26036,河南,物理类,2026,750,3+1+2
607,607,753,26789,河南,物理类,2026,750,3+1+2
606,606,798,27587,河南,物理类,2026,750,3+1+2
605,605,833,28420,河南,物理类,2026,750,3+1+2
604,604,835,29255,河南,物理类,2026,750,3+1+2
603,603,776,30031,河南,物理类,2026,750,3+1+2
602,602,838,30869,河南,物理类,2026,750,3+1+2
600,600,1753,32622,河南,物理类,2026,750,3+1+2
599,599,903,33525,河南,物理类,2026,750,3+1+2
598,598,934,34459,河南,物理类,2026,750,3+1+2
597,597,907,35366,河南,物理类,2026,750,3+1+2
596,596,975,36341,河南,物理类,2026,750,3+1+2
595,595,926,37267,河南,物理类,2026,750,3+1+2
594,594,991,38258,河南,物理类,2026,750,3+1+2
592,592,1956,40214,河南,物理类,2026,750,3+1+2
590,590,1999,42213,河南,物理类,2026,750,3+1+2
589,589,1089,43302,河南,物理类,2026,750,3+1+2
588,588,1103,44405,河南,物理类,2026,750,3+1+2
587,587,1122,45527,河南,物理类,2026,750,3+1+2
586,586,1118,46645,河南,物理类,2026,750,3+1+2
585,585,1125,47770,河南,物理类,2026,750,3+1+2
584,584,1149,48919,河南,物理类,2026,750,3+1+2
583,583,1150,50069,河南,物理类,2026,750,3+1+2
582,582,1177,51246,河南,物理类,2026,750,3+1+2
581,581,1146,52392,河南,物理类,2026,750,3+1+2
580,580,1259,53651,河南,物理类,2026,750,3+1+2
579,579,1180,54831,河南,物理类,2026,750,3+1+2
577,577,2464,57295,河南,物理类,2026,750,3+1+2
575,575,2485,59780,河南,物理类,2026,750,3+1+2
574,574,1289,61069,河南,物理类,2026,750,3+1+2
573,573,1307,62376,河南,物理类,2026,750,3+1+2
572,572,1280,63656,河南,物理类,2026,750,3+1+2
571,571,1362,65018,河南,物理类,2026,750,3+1+2
570,570,1444,66462,河南,物理类,2026,750,3+1+2
567,567,4181,70643,河南,物理类,2026,750,3+1+2
566,566,1380,72023,河南,物理类,2026,750,3+1+2
565,565,1428,73451,河南,物理类,2026,750,3+1+2
564,564,1484,74935,河南,物理类,2026,750,3+1+2
563,563,1455,76390,河南,物理类,2026,750,3+1+2
562,562,1530,77920,河南,物理类,2026,750,3+1+2
561,561,1424,79344,河南,物理类,2026,750,3+1+2
560,560,1514,80858,河南,物理类,2026,750,3+1+2
559,559,1610,82468,河南,物理类,2026,750,3+1+2
558,558,1539,84007,河南,物理类,2026,750,3+1+2
557,557,1565,85572,河南,物理类,2026,750,3+1+2
556,556,1575,87147,河南,物理类,2026,750,3+1+2
555,555,1588,88735,河南,物理类,2026,750,3+1+2
554,554,1645,90380,河南,物理类,2026,750,3+1+2
552,552,3174,93554,河南,物理类,2026,750,3+1+2
551,551,1633,95187,河南,物理类,2026,750,3+1+2
550,550,1666,96853,河南,物理类,2026,750,3+1+2
549,549,1691,98544,河南,物理类,2026,750,3+1+2
548,548,1674,100218,河南,物理类,2026,750,3+1+2
547,547,1624,101842,河南,物理类,2026,750,3+1+2
546,546,1604,103446,河南,物理类,2026,750,3+1+2
545,545,1715,105161,河南,物理类,2026,750,3+1+2
544,544,1684,106845,河南,物理类,2026,750,3+1+2
543,543,1785,108630,河南,物理类,2026,750,3+1+2
542,542,1693,110323,河南,物理类,2026,750,3+1+2
541,541,1732,112055,河南,物理类,2026,750,3+1+2
540,540,1794,113849,河南,物理类,2026,750,3+1+2
539,539,1741,115590,河南,物理类,2026,750,3+1+2
538,538,1812,117402,河南,物理类,2026,750,3+1+2
537,537,1774,119176,河南,物理类,2026,750,3+1+2
533,533,7376,126552,河南,物理类,2026,750,3+1+2
532,532,1842,128394,河南,物理类,2026,750,3+1+2
531,531,1834,130228,河南,物理类,2026,750,3+1+2
530,530,1935,132163,河南,物理类,2026,750,3+1+2
529,529,1975,134138,河南,物理类,2026,750,3+1+2
528,528,1919,136057,河南,物理类,2026,750,3+1+2
527,527,1840,137897,河南,物理类,2026,750,3+1+2
526,526,1948,139845,河南,物理类,2026,750,3+1+2
525,525,1940,141785,河南,物理类,2026,750,3+1+2
524,524,1932,143717,河南,物理类,2026,750,3+1+2
523,523,1967,145684,河南,物理类,2026,750,3+1+2
522,522,1990,147674,河南,物理类,2026,750,3+1+2
519,519,5722,153396,河南,物理类,2026,750,3+1+2
518,518,2056,155452,河南,物理类,2026,750,3+1+2
517,517,1998,157450,河南,物理类,2026,750,3+1+2
516,516,2002,159452,河南,物理类,2026,750,3+1+2
515,515,1996,161448,河南,物理类,2026,750,3+1+2
514,514,1982,163430,河南,物理类,2026,750,3+1+2
513,513,1956,165386,河南,物理类,2026,750,3+1+2
511,511,4055,169441,河南,物理类,2026,750,3+1+2
509,509,4099,173540,河南,物理类,2026,750,3+1+2
508,508,2023,175563,河南,物理类,2026,750,3+1+2
507,507,2040,177603,河南,物理类,2026,750,3+1+2
506,506,1962,179565,河南,物理类,2026,750,3+1+2
505,505,2073,181638,河南,物理类,2026,750,3+1+2
504,504,2035,183673,河南,物理类,2026,750,3+1+2
503,503,2056,185729,河南,物理类,2026,750,3+1+2
502,502,2009,187738,河南,物理类,2026,750,3+1+2
501,501,2015,189753,河南,物理类,2026,750,3+1+2
500,500,2084,191837,河南,物理类,2026,750,3+1+2
499,499,2048,193885,河南,物理类,2026,750,3+1+2
498,498,2056,195941,河南,物理类,2026,750,3+1+2
496,496,4205,200146,河南,物理类,2026,750,3+1+2
494,494,4159,204305,河南,物理类,2026,750,3+1+2
493,493,2132,206437,河南,物理类,2026,750,3+1+2
492,492,2126,208563,河南,物理类,2026,750,3+1+2
491,491,2115,210678,河南,物理类,2026,750,3+1+2
490,490,2091,212769,河南,物理类,2026,750,3+1+2
489,489,2057,214826,河南,物理类,2026,750,3+1+2
486,486,6443,221269,河南,物理类,2026,750,3+1+2
485,485,2096,223365,河南,物理类,2026,750,3+1+2
484,484,2030,225395,河南,物理类,2026,750,3+1+2
483,483,2082,227477,河南,物理类,2026,750,3+1+2
482,482,2107,229584,河南,物理类,2026,750,3+1+2
481,481,2077,231661,河南,物理类,2026,750,3+1+2
480,480,2135,233796,河南,物理类,2026,750,3+1+2
479,479,2066,235862,河南,物理类,2026,750,3+1+2
478,478,2107,237969,河南,物理类,2026,750,3+1+2
477,477,2153,240122,河南,物理类,2026,750,3+1+2
476,476,2135,242257,河南,物理类,2026,750,3+1+2
475,475,2130,244387,河南,物理类,2026,750,3+1+2
474,474,2103,246490,河南,物理类,2026,750,3+1+2
473,473,2077,248567,河南,物理类,2026,750,3+1+2
471,471,4327,252894,河南,物理类,2026,750,3+1+2
470,470,2160,255054,河南,物理类,2026,750,3+1+2
469,469,2112,257166,河南,物理类,2026,750,3+1+2
468,468,2191,259357,河南,物理类,2026,750,3+1+2
467,467,2105,261462,河南,物理类,2026,750,3+1+2
466,466,2082,263544,河南,物理类,2026,750,3+1+2
465,465,2112,265656,河南,物理类,2026,750,3+1+2
464,464,2064,267720,河南,物理类,2026,750,3+1+2
463,463,2110,269830,河南,物理类,2026,750,3+1+2
462,462,2050,271880,河南,物理类,2026,750,3+1+2
461,461,2191,274071,河南,物理类,2026,750,3+1+2
460,460,2116,276187,河南,物理类,2026,750,3+1+2
459,459,2141,278328,河南,物理类,2026,750,3+1+2
458,458,2129,280457,河南,物理类,2026,750,3+1+2
457,457,2159,282616,河南,物理类,2026,750,3+1+2
456,456,2079,284695,河南,物理类,2026,750,3+1+2
453,453,6280,290975,河南,物理类,2026,750,3+1+2
452,452,2085,293060,河南,物理类,2026,750,3+1+2
451,451,2087,295147,河南,物理类,2026,750,3+1+2
450,450,2115,297262,河南,物理类,2026,750,3+1+2
449,449,2097,299359,河南,物理类,2026,750,3+1+2
448,448,2041,301400,河南,物理类,2026,750,3+1+2
447,447,2096,303496,河南,物理类,2026,750,3+1+2
446,446,2113,305609,河南,物理类,2026,750,3+1+2
445,445,2080,307689,河南,物理类,2026,750,3+1+2
444,444,2130,309819,河南,物理类,2026,750,3+1+2
443,443,2044,311863,河南,物理类,2026,750,3+1+2
442,442,2083,313946,河南,物理类,2026,750,3+1+2
441,441,2135,316081,河南,物理类,2026,750,3+1+2
438,438,5907,321988,河南,物理类,2026,750,3+1+2
437,437,2057,324045,河南,物理类,2026,750,3+1+2
436,436,2021,326066,河南,物理类,2026,750,3+1+2
435,435,2161,328227,河南,物理类,2026,750,3+1+2
434,434,2069,330296,河南,物理类,2026,750,3+1+2
433,433,2042,332338,河南,物理类,2026,750,3+1+2
432,432,1991,334329,河南,物理类,2026,750,3+1+2
430,430,3970,338299,河南,物理类,2026,750,3+1+2
428,428,4049,342348,河南,物理类,2026,750,3+1+2
427,427,1958,344306,河南,物理类,2026,750,3+1+2
426,426,1971,346277,河南,物理类,2026,750,3+1+2
425,425,1931,348208,河南,物理类,2026,750,3+1+2
424,424,1992,350200,河南,物理类,2026,750,3+1+2
423,423,2005,352205,河南,物理类,2026,750,3+1+2
422,422,1972,354177,河南,物理类,2026,750,3+1+2
421,421,2009,356186,河南,物理类,2026,750,3+1+2
420,420,1924,358110,河南,物理类,2026,750,3+1+2
419,419,1862,359972,河南,物理类,2026,750,3+1+2
418,418,1955,361927,河南,物理类,2026,750,3+1+2
417,417,1892,363819,河南,物理类,2026,750,3+1+2
415,415,3738,367557,河南,物理类,2026,750,3+1+2
413,413,3738,371295,河南,物理类,2026,750,3+1+2
412,412,1860,373155,河南,物理类,2026,750,3+1+2
411,411,1904,375059,河南,物理类,2026,750,3+1+2
410,410,1874,376933,河南,物理类,2026,750,3+1+2
409,409,1856,378789,河南,物理类,2026,750,3+1+2
408,408,1817,380606,河南,物理类,2026,750,3+1+2
405,405,5470,386076,河南,物理类,2026,750,3+1+2
404,404,1836,387912,河南,物理类,2026,750,3+1+2
403,403,1707,389619,河南,物理类,2026,750,3+1+2
402,402,1732,391351,河南,物理类,2026,750,3+1+2
401,401,1754,393105,河南,物理类,2026,750,3+1+2
400,400,1797,394902,河南,物理类,2026,750,3+1+2
399,399,1748,396650,河南,物理类,2026,750,3+1+2
398,398,1740,398390,河南,物理类,2026,750,3+1+2
397,397,1670,400060,河南,物理类,2026,750,3+1+2
396,396,1728,401788,河南,物理类,2026,750,3+1+2
395,395,1683,403471,河南,物理类,2026,750,3+1+2
394,394,1734,405205,河南,物理类,2026,750,3+1+2
393,393,1707,406912,河南,物理类,2026,750,3+1+2
392,392,1649,408561,河南,物理类,2026,750,3+1+2
390,390,3239,411800,河南,物理类,2026,750,3+1+2
389,389,1612,413412,河南,物理类,2026,750,3+1+2
388,388,1649,415061,河南,物理类,2026,750,3+1+2
387,387,1701,416762,河南,物理类,2026,750,3+1+2
386,386,1562,418324,河南,物理类,2026,750,3+1+2
385,385,1633,419957,河南,物理类,2026,750,3+1+2
384,384,1586,421543,河南,物理类,2026,750,3+1+2
383,383,1477,423020,河南,物理类,2026,750,3+1+2
382,382,1538,424558,河南,物理类,2026,750,3+1+2
381,381,1621,426179,河南,物理类,2026,750,3+1+2
380,380,1476,427655,河南,物理类,2026,750,3+1+2
379,379,1532,429187,河南,物理类,2026,750,3+1+2
378,378,1560,430747,河南,物理类,2026,750,3+1+2
377,377,1520,432267,河南,物理类,2026,750,3+1+2
376,376,1471,433738,河南,物理类,2026,750,3+1+2
375,375,1453,435191,河南,物理类,2026,750,3+1+2
371,371,5724,440915,河南,物理类,2026,750,3+1+2
370,370,1414,442329,河南,物理类,2026,750,3+1+2
369,369,1410,443739,河南,物理类,2026,750,3+1+2
368,368,1405,445144,河南,物理类,2026,750,3+1+2
367,367,1373,446517,河南,物理类,2026,750,3+1+2
366,366,1442,447959,河南,物理类,2026,750,3+1+2
365,365,1411,449370,河南,物理类,2026,750,3+1+2
364,364,1417,450787,河南,物理类,2026,750,3+1+2
363,363,1394,452181,河南,物理类,2026,750,3+1+2
362,362,1234,453415,河南,物理类,2026,750,3+1+2
361,361,1431,454846,河南,物理类,2026,750,3+1+2
360,360,1356,456202,河南,物理类,2026,750,3+1+2
359,359,1327,457529,河南,物理类,2026,750,3+1+2
357,357,2672,460201,河南,物理类,2026,750,3+1+2
356,356,1267,461468,河南,物理类,2026,750,3+1+2
355,355,1240,462708,河南,物理类,2026,750,3+1+2
354,354,1314,464022,河南,物理类,2026,750,3+1+2
353,353,1259,465281,河南,物理类,2026,750,3+1+2
352,352,1255,466536,河南,物理类,2026,750,3+1+2
351,351,1241,467777,河南,物理类,2026,750,3+1+2
349,349,2456,470233,河南,物理类,2026,750,3+1+2
347,347,2391,472624,河南,物理类,2026,750,3+1+2
346,346,1209,473833,河南,物理类,2026,750,3+1+2
345,345,1155,474988,河南,物理类,2026,750,3+1+2
344,344,1170,476158,河南,物理类,2026,750,3+1+2
343,343,1171,477329,河南,物理类,2026,750,3+1+2
342,342,1165,478494,河南,物理类,2026,750,3+1+2
341,341,1094,479588,河南,物理类,2026,750,3+1+2
340,340,1162,480750,河南,物理类,2026,750,3+1+2
339,339,1049,481799,河南,物理类,2026,750,3+1+2
338,338,1067,482866,河南,物理类,2026,750,3+1+2
337,337,1044,483910,河南,物理类,2026,750,3+1+2
336,336,1057,484967,河南,物理类,2026,750,3+1+2
334,334,2138,487105,河南,物理类,2026,750,3+1+2
332,332,2127,489232,河南,物理类,2026,750,3+1+2
331,331,1045,490277,河南,物理类,2026,750,3+1+2
330,330,1004,491281,河南,物理类,2026,750,3+1+2
329,329,1029,492310,河南,物理类,2026,750,3+1+2
328,328,1013,493323,河南,物理类,2026,750,3+1+2
327,327,986,494309,河南,物理类,2026,750,3+1+2
324,324,2963,497272,河南,物理类,2026,750,3+1+2
323,323,1019,498291,河南,物理类,2026,750,3+1+2
322,322,974,499265,河南,物理类,2026,750,3+1+2
321,321,993,500258,河南,物理类,2026,750,3+1+2
320,320,932,501190,河南,物理类,2026,750,3+1+2
319,319,960,502150,河南,物理类,2026,750,3+1+2
318,318,960,503110,河南,物理类,2026,750,3+1+2
317,317,874,503984,河南,物理类,2026,750,3+1+2
316,316,894,504878,河南,物理类,2026,750,3+1+2
315,315,890,505768,河南,物理类,2026,750,3+1+2
314,314,894,506662,河南,物理类,2026,750,3+1+2
313,313,840,507502,河南,物理类,2026,750,3+1+2
312,312,886,508388,河南,物理类,2026,750,3+1+2
311,311,818,509206,河南,物理类,2026,750,3+1+2
309,309,1722,510928,河南,物理类,2026,750,3+1+2
308,308,801,511729,河南,物理类,2026,750,3+1+2
307,307,880,512609,河南,物理类,2026,750,3+1+2
306,306,830,513439,河南,物理类,2026,750,3+1+2
305,305,797,514236,河南,物理类,2026,750,3+1+2
304,304,802,515038,河南,物理类,2026,750,3+1+2
303,303,830,515868,河南,物理类,2026,750,3+1+2
302,302,785,516653,河南,物理类,2026,750,3+1+2
301,301,868,517521,河南,物理类,2026,750,3+1+2
300,300,759,518280,河南,物理类,2026,750,3+1+2
299,299,865,519145,河南,物理类,2026,750,3+1+2
298,298,778,519923,河南,物理类,2026,750,3+1+2
297,297,763,520686,河南,物理类,2026,750,3+1+2
296,296,810,521496,河南,物理类,2026,750,3+1+2
295,295,738,522234,河南,物理类,2026,750,3+1+2
294,294,766,523000,河南,物理类,2026,750,3+1+2
291,291,2316,525316,河南,物理类,2026,750,3+1+2
290,290,695,526011,河南,物理类,2026,750,3+1+2
289,289,760,526771,河南,物理类,2026,750,3+1+2
288,288,756,527527,河南,物理类,2026,750,3+1+2
287,287,728,528255,河南,物理类,2026,750,3+1+2
286,286,712,528967,河南,物理类,2026,750,3+1+2
285,285,723,529690,河南,物理类,2026,750,3+1+2
284,284,720,530410,河南,物理类,2026,750,3+1+2
283,283,715,531125,河南,物理类,2026,750,3+1+2
282,282,687,531812,河南,物理类,2026,750,3+1+2
281,281,732,532544,河南,物理类,2026,750,3+1+2
280,280,704,533248,河南,物理类,2026,750,3+1+2
279,279,701,533949,河南,物理类,2026,750,3+1+2
276,276,2036,535985,河南,物理类,2026,750,3+1+2
275,275,674,536659,河南,物理类,2026,750,3+1+2
274,274,695,537354,河南,物理类,2026,750,3+1+2
273,273,653,538007,河南,物理类,2026,750,3+1+2
272,272,681,538688,河南,物理类,2026,750,3+1+2
271,271,634,539322,河南,物理类,2026,750,3+1+2
270,270,609,539931,河南,物理类,2026,750,3+1+2
268,268,1269,541200,河南,物理类,2026,750,3+1+2
266,266,1216,542416,河南,物理类,2026,750,3+1+2
265,265,658,543074,河南,物理类,2026,750,3+1+2
264,264,575,543649,河南,物理类,2026,750,3+1+2
263,263,592,544241,河南,物理类,2026,750,3+1+2
262,262,571,544812,河南,物理类,2026,750,3+1+2
261,261,568,545380,河南,物理类,2026,750,3+1+2
260,260,547,545927,河南,物理类,2026,750,3+1+2
259,259,558,546485,河南,物理类,2026,750,3+1+2
258,258,534,547019,河南,物理类,2026,750,3+1+2
257,257,535,547554,河南,物理类,2026,750,3+1+2
256,256,506,548060,河南,物理类,2026,750,3+1+2
255,255,466,548526,河南,物理类,2026,750,3+1+2
253,253,1081,549607,河南,物理类,2026,750,3+1+2
251,251,978,550585,河南,物理类,2026,750,3+1+2
250,250,484,551069,河南,物理类,2026,750,3+1+2
249,249,452,551521,河南,物理类,2026,750,3+1+2
248,248,490,552011,河南,物理类,2026,750,3+1+2
247,247,432,552443,河南,物理类,2026,750,3+1+2
246,246,471,552914,河南,物理类,2026,750,3+1+2
243,243,1277,554191,河南,物理类,2026,750,3+1+2
242,242,428,554619,河南,物理类,2026,750,3+1+2
241,241,422,555041,河南,物理类,2026,750,3+1+2
240,240,381,555422,河南,物理类,2026,750,3+1+2
239,239,395,555817,河南,物理类,2026,750,3+1+2
238,238,367,556184,河南,物理类,2026,750,3+1+2
237,237,390,556574,河南,物理类,2026,750,3+1+2
236,236,328,556902,河南,物理类,2026,750,3+1+2
235,235,352,557254,河南,物理类,2026,750,3+1+2
234,234,341,557595,河南,物理类,2026,750,3+1+2
233,233,320,557915,河南,物理类,2026,750,3+1+2
232,232,293,558208,河南,物理类,2026,750,3+1+2
231,231,287,558495,河南,物理类,2026,750,3+1+2
230,230,302,558797,河南,物理类,2026,750,3+1+2
228,228,577,559374,河南,物理类,2026,750,3+1+2
227,227,280,559654,河南,物理类,2026,750,3+1+2
226,226,291,559945,河南,物理类,2026,750,3+1+2
225,225,229,560174,河南,物理类,2026,750,3+1+2
224,224,232,560406,河南,物理类,2026,750,3+1+2
223,223,224,560630,河南,物理类,2026,750,3+1+2
222,222,213,560843,河南,物理类,2026,750,3+1+2
221,221,208,561051,河南,物理类,2026,750,3+1+2
220,220,202,561253,河南,物理类,2026,750,3+1+2
219,219,223,561476,河南,物理类,2026,750,3+1+2
218,218,201,561677,河南,物理类,2026,750,3+1+2
217,217,186,561863,河南,物理类,2026,750,3+1+2
216,216,183,562046,河南,物理类,2026,750,3+1+2
215,215,154,562200,河南,物理类,2026,750,3+1+2
214,214,168,562368,河南,物理类,2026,750,3+1+2
213,213,135,562503,河南,物理类,2026,750,3+1+2
209,209,555,563058,河南,物理类,2026,750,3+1+2
208,208,142,563200,河南,物理类,2026,750,3+1+2
207,207,98,563298,河南,物理类,2026,750,3+1+2
206,206,105,563403,河南,物理类,2026,750,3+1+2
205,205,113,563516,河南,物理类,2026,750,3+1+2
204,204,92,563608,河南,物理类,2026,750,3+1+2
203,203,81,563689,河南,物理类,2026,750,3+1+2
202,202,76,563765,河南,物理类,2026,750,3+1+2
201,201,73,563838,河南,物理类,2026,750,3+1+2
200,200,85,563923,河南,物理类,2026,750,3+1+2
199,199,82,564005,河南,物理类,2026,750,3+1+2
198,198,75,564080,河南,物理类,2026,750,3+1+2
195,195,188,564268,河南,物理类,2026,750,3+1+2
194,194,67,564335,河南,物理类,2026,750,3+1+2
193,193,63,564398,河南,物理类,2026,750,3+1+2
192,192,67,564465,河南,物理类,2026,750,3+1+2
191,191,51,564516,河南,物理类,2026,750,3+1+2
190,190,58,564574,河南,物理类,2026,750,3+1+2
189,189,31,564605,河南,物理类,2026,750,3+1+2
187,187,78,564683,河南,物理类,2026,750,3+1+2
185,185,64,564747,河南,物理类,2026,750,3+1+2
184,184,28,564775,河南,物理类,2026,750,3+1+2
183,183,28,564803,河南,物理类,2026,750,3+1+2
182,182,33,564836,河南,物理类,2026,750,3+1+2
181,181,38,564874,河南,物理类,2026,750,3+1+2
180,180,28,564902,河南,物理类,2026,750,3+1+2
179,179,23,564925,河南,物理类,2026,750,3+1+2
178,178,33,564958,河南,物理类,2026,750,3+1+2
177,177,26,564984,河南,物理类,2026,750,3+1+2
176,176,21,565005,河南,物理类,2026,750,3+1+2
175,175,30,565035,河南,物理类,2026,750,3+1+2
174,174,29,565064,河南,物理类,2026,750,3+1+2
172,172,43,565107,河南,物理类,2026,750,3+1+2
170,170,40,565147,河南,物理类,2026,750,3+1+2
169,169,17,565164,河南,物理类,2026,750,3+1+2
168,168,18,565182,河南,物理类,2026,750,3+1+2
167,167,27,565209,河南,物理类,2026,750,3+1+2
166,166,10,565219,河南,物理类,2026,750,3+1+2
165,165,21,565240,河南,物理类,2026,750,3+1+2
162,162,46,565286,河南,物理类,2026,750,3+1+2
161,161,20,565306,河南,物理类,2026,750,3+1+2
160,160,13,565319,河南,物理类,2026,750,3+1+2
159,159,24,565343,河南,物理类,2026,750,3+1+2
158,158,11,565354,河南,物理类,2026,750,3+1+2
157,157,13,565367,河南,物理类,2026,750,3+1+2
156,156,4,565371,河南,物理类,2026,750,3+1+2
155,155,17,565388,河南,物理类,2026,750,3+1+2
154,154,10,565398,河南,物理类,2026,750,3+1+2
153,153,8,565406,河南,物理类,2026,750,3+1+2
152,152,7,565413,河南,物理类,2026,750,3+1+2
151,151,10,565423,河南,物理类,2026,750,3+1+2
150,150,10,565433,河南,物理类,2026,750,3+1+2
149,149,12,565445,河南,物理类,2026,750,3+1+2
147,147,22,565467,河南,物理类,2026,750,3+1+2
146,146,16,565483,河南,物理类,2026,750,3+1+2
145,145,5,565488,河南,物理类,2026,750,3+1+2
144,144,7,565495,河南,物理类,2026,750,3+1+2
143,143,7,565502,河南,物理类,2026,750,3+1+2
142,142,11,565513,河南,物理类,2026,750,3+1+2
141,141,11,565524,河南,物理类,2026,750,3+1+2
140,140,4,565528,河南,物理类,2026,750,3+1+2
139,139,9,565537,河南,物理类,2026,750,3+1+2
138,138,9,565546,河南,物理类,2026,750,3+1+2
137,137,8,565554,河南,物理类,2026,750,3+1+2
136,136,5,565559,河南,物理类,2026,750,3+1+2
135,135,6,565565,河南,物理类,2026,750,3+1+2
134,134,11,565576,河南,物理类,2026,750,3+1+2
133,133,6,565582,河南,物理类,2026,750,3+1+2
132,132,7,565589,河南,物理类,2026,750,3+1+2
129,129,18,565607,河南,物理类,2026,750,3+1+2
128,128,3,565610,河南,物理类,2026,750,3+1+2
127,127,7,565617,河南,物理类,2026,750,3+1+2
126,126,2,565619,河南,物理类,2026,750,3+1+2
125,125,10,565629,河南,物理类,2026,750,3+1+2
124,124,5,565634,河南,物理类,2026,750,3+1+2
123,123,3,565637,河南,物理类,2026,750,3+1+2
122,122,9,565646,河南,物理类,2026,750,3+1+2
121,121,1,565647,河南,物理类,2026,750,3+1+2
120,120,6,565653,河南,物理类,2026,750,3+1+2
119,119,3,565656,河南,物理类,2026,750,3+1+2
118,118,3,565659,河南,物理类,2026,750,3+1+2
117,117,7,565666,河南,物理类,2026,750,3+1+2
112,112,18,565684,河南,物理类,2026,750,3+1+2
111,111,11,565695,河南,物理类,2026,750,3+1+2
110,110,3,565698,河南,物理类,2026,750,3+1+2
109,109,2,565700,河南,物理类,2026,750,3+1+2
108,108,4,565704,河南,物理类,2026,750,3+1+2
106,106,5,565709,河南,物理类,2026,750,3+1+2
104,104,13,565722,河南,物理类,2026,750,3+1+2
103,103,3,565725,河南,物理类,2026,750,3+1+2
102,102,3,565728,河南,物理类,2026,750,3+1+2
101,101,2,565730,河南,物理类,2026,750,3+1+2
100,100,5,565735,河南,物理类,2026,750,3+1+2
686,686,7,7,河南,历史类,2026,750,3+1+2
685,685,2,9,河南,历史类,2026,750,3+1+2
684,684,1,10,河南,历史类,2026,750,3+1+2
683,683,1,11,河南,历史类,2026,750,3+1+2
682,682,2,13,河南,历史类,2026,750,3+1+2
681,681,1,14,河南,历史类,2026,750,3+1+2
679,679,3,17,河南,历史类,2026,750,3+1+2
675,675,11,28,河南,历史类,2026,750,3+1+2
674,674,6,34,河南,历史类,2026,750,3+1+2
673,673,4,38,河南,历史类,2026,750,3+1+2
672,672,11,49,河南,历史类,2026,750,3+1+2
671,671,4,53,河南,历史类,2026,750,3+1+2
670,670,3,56,河南,历史类,2026,750,3+1+2
669,669,5,61,河南,历史类,2026,750,3+1+2
668,668,7,68,河南,历史类,2026,750,3+1+2
667,667,8,76,河南,历史类,2026,750,3+1+2
666,666,7,83,河南,历史类,2026,750,3+1+2
665,665,11,94,河南,历史类,2026,750,3+1+2
664,664,14,108,河南,历史类,2026,750,3+1+2
662,662,15,123,河南,历史类,2026,750,3+1+2
660,660,20,143,河南,历史类,2026,750,3+1+2
659,659,10,153,河南,历史类,2026,750,3+1+2
658,658,15,168,河南,历史类,2026,750,3+1+2
657,657,7,175,河南,历史类,2026,750,3+1+2
656,656,14,189,河南,历史类,2026,750,3+1+2
655,655,14,203,河南,历史类,2026,750,3+1+2
654,654,12,215,河南,历史类,2026,750,3+1+2
652,652,38,253,河南,历史类,2026,750,3+1+2
650,650,43,296,河南,历史类,2026,750,3+1+2
649,649,21,317,河南,历史类,2026,750,3+1+2
648,648,21,338,河南,历史类,2026,750,3+1+2
647,647,33,371,河南,历史类,2026,750,3+1+2
646,646,30,401,河南,历史类,2026,750,3+1+2
645,645,23,424,河南,历史类,2026,750,3+1+2
644,644,41,465,河南,历史类,2026,750,3+1+2
643,643,30,495,河南,历史类,2026,750,3+1+2
642,642,47,542,河南,历史类,2026,750,3+1+2
641,641,41,583,河南,历史类,2026,750,3+1+2
640,640,43,626,河南,历史类,2026,750,3+1+2
639,639,44,670,河南,历史类,2026,750,3+1+2
637,637,81,751,河南,历史类,2026,750,3+1+2
635,635,111,862,河南,历史类,2026,750,3+1+2
634,634,36,898,河南,历史类,2026,750,3+1+2
633,633,56,954,河南,历史类,2026,750,3+1+2
632,632,65,1019,河南,历史类,2026,750,3+1+2
631,631,63,1082,河南,历史类,2026,750,3+1+2
630,630,85,1167,河南,历史类,2026,750,3+1+2
627,627,221,1388,河南,历史类,2026,750,3+1+2
626,626,83,1471,河南,历史类,2026,750,3+1+2
625,625,84,1555,河南,历史类,2026,750,3+1+2
624,624,63,1618,河南,历史类,2026,750,3+1+2
623,623,87,1705,河南,历史类,2026,750,3+1+2
622,622,79,1784,河南,历史类,2026,750,3+1+2
621,621,72,1856,河南,历史类,2026,750,3+1+2
620,620,93,1949,河南,历史类,2026,750,3+1+2
619,619,111,2060,河南,历史类,2026,750,3+1+2
618,618,95,2155,河南,历史类,2026,750,3+1+2
617,617,127,2282,河南,历史类,2026,750,3+1+2
616,616,101,2383,河南,历史类,2026,750,3+1+2
615,615,123,2506,河南,历史类,2026,750,3+1+2
614,614,132,2638,河南,历史类,2026,750,3+1+2
612,612,255,2893,河南,历史类,2026,750,3+1+2
611,611,138,3031,河南,历史类,2026,750,3+1+2
610,610,161,3192,河南,历史类,2026,750,3+1+2
609,609,135,3327,河南,历史类,2026,750,3+1+2
608,608,161,3488,河南,历史类,2026,750,3+1+2
607,607,160,3648,河南,历史类,2026,750,3+1+2
606,606,183,3831,河南,历史类,2026,750,3+1+2
605,605,172,4003,河南,历史类,2026,750,3+1+2
604,604,179,4182,河南,历史类,2026,750,3+1+2
603,603,180,4362,河南,历史类,2026,750,3+1+2
602,602,185,4547,河南,历史类,2026,750,3+1+2
601,601,175,4722,河南,历史类,2026,750,3+1+2
600,600,200,4922,河南,历史类,2026,750,3+1+2
599,599,202,5124,河南,历史类,2026,750,3+1+2
598,598,225,5349,河南,历史类,2026,750,3+1+2
597,597,213,5562,河南,历史类,2026,750,3+1+2
596,596,225,5787,河南,历史类,2026,750,3+1+2
594,594,456,6243,河南,历史类,2026,750,3+1+2
593,593,252,6495,河南,历史类,2026,750,3+1+2
592,592,259,6754,河南,历史类,2026,750,3+1+2
591,591,264,7018,河南,历史类,2026,750,3+1+2
590,590,272,7290,河南,历史类,2026,750,3+1+2
589,589,286,7576,河南,历史类,2026,750,3+1+2
588,588,274,7850,河南,历史类,2026,750,3+1+2
587,587,281,8131,河南,历史类,2026,750,3+1+2
586,586,301,8432,河南,历史类,2026,750,3+1+2
585,585,302,8734,河南,历史类,2026,750,3+1+2
584,584,296,9030,河南,历史类,2026,750,3+1+2
583,583,321,9351,河南,历史类,2026,750,3+1+2
582,582,337,9688,河南,历史类,2026,750,3+1+2
579,579,976,10664,河南,历史类,2026,750,3+1+2
578,578,320,10984,河南,历史类,2026,750,3+1+2
577,577,344,11328,河南,历史类,2026,750,3+1+2
576,576,375,11703,河南,历史类,2026,750,3+1+2
575,575,365,12068,河南,历史类,2026,750,3+1+2
574,574,386,12454,河南,历史类,2026,750,3+1+2
573,573,381,12835,河南,历史类,2026,750,3+1+2
571,571,761,13596,河南,历史类,2026,750,3+1+2
569,569,770,14366,河南,历史类,2026,750,3+1+2
568,568,456,14822,河南,历史类,2026,750,3+1+2
567,567,400,15222,河南,历史类,2026,750,3+1+2
566,566,402,15624,河南,历史类,2026,750,3+1+2
565,565,458,16082,河南,历史类,2026,750,3+1+2
564,564,386,16468,河南,历史类,2026,750,3+1+2
563,563,439,16907,河南,历史类,2026,750,3+1+2
562,562,457,17364,河南,历史类,2026,750,3+1+2
561,561,462,17826,河南,历史类,2026,750,3+1+2
560,560,476,18302,河南,历史类,2026,750,3+1+2
559,559,460,18762,河南,历史类,2026,750,3+1+2
558,558,489,19251,河南,历史类,2026,750,3+1+2
556,556,999,20250,河南,历史类,2026,750,3+1+2
554,554,1069,21319,河南,历史类,2026,750,3+1+2
553,553,523,21842,河南,历史类,2026,750,3+1+2
552,552,576,22418,河南,历史类,2026,750,3+1+2
551,551,501,22919,河南,历史类,2026,750,3+1+2
550,550,574,23493,河南,历史类,2026,750,3+1+2
549,549,569,24062,河南,历史类,2026,750,3+1+2
546,546,1654,25716,河南,历史类,2026,750,3+1+2
545,545,601,26317,河南,历史类,2026,750,3+1+2
544,544,570,26887,河南,历史类,2026,750,3+1+2
543,543,604,27491,河南,历史类,2026,750,3+1+2
542,542,586,28077,河南,历史类,2026,750,3+1+2
541,541,602,28679,河南,历史类,2026,750,3+1+2
540,540,615,29294,河南,历史类,2026,750,3+1+2
539,539,603,29897,河南,历史类,2026,750,3+1+2
538,538,611,30508,河南,历史类,2026,750,3+1+2
537,537,645,31153,河南,历史类,2026,750,3+1+2
536,536,621,31774,河南,历史类,2026,750,3+1+2
535,535,630,32404,河南,历史类,2026,750,3+1+2
534,534,606,33010,河南,历史类,2026,750,3+1+2
533,533,637,33647,河南,历史类,2026,750,3+1+2
531,531,1389,35036,河南,历史类,2026,750,3+1+2
530,530,628,35664,河南,历史类,2026,750,3+1+2
529,529,642,36306,河南,历史类,2026,750,3+1+2
528,528,664,36970,河南,历史类,2026,750,3+1+2
527,527,681,37651,河南,历史类,2026,750,3+1+2
526,526,657,38308,河南,历史类,2026,750,3+1+2
525,525,699,39007,河南,历史类,2026,750,3+1+2
524,524,708,39715,河南,历史类,2026,750,3+1+2
523,523,698,40413,河南,历史类,2026,750,3+1+2
522,522,732,41145,河南,历史类,2026,750,3+1+2
521,521,721,41866,河南,历史类,2026,750,3+1+2
520,520,690,42556,河南,历史类,2026,750,3+1+2
519,519,669,43225,河南,历史类,2026,750,3+1+2
518,518,691,43916,河南,历史类,2026,750,3+1+2
517,517,696,44612,河南,历史类,2026,750,3+1+2
516,516,707,45319,河南,历史类,2026,750,3+1+2
515,515,709,46028,河南,历史类,2026,750,3+1+2
513,513,1366,47394,河南,历史类,2026,750,3+1+2
512,512,651,48045,河南,历史类,2026,750,3+1+2
511,511,744,48789,河南,历史类,2026,750,3+1+2
510,510,740,49529,河南,历史类,2026,750,3+1+2
509,509,770,50299,河南,历史类,2026,750,3+1+2
508,508,771,51070,河南,历史类,2026,750,3+1+2
507,507,747,51817,河南,历史类,2026,750,3+1+2
506,506,750,52567,河南,历史类,2026,750,3+1+2
505,505,738,53305,河南,历史类,2026,750,3+1+2
504,504,800,54105,河南,历史类,2026,750,3+1+2
503,503,738,54843,河南,历史类,2026,750,3+1+2
502,502,780,55623,河南,历史类,2026,750,3+1+2
501,501,810,56433,河南,历史类,2026,750,3+1+2
500,500,751,57184,河南,历史类,2026,750,3+1+2
498,498,1596,58780,河南,历史类,2026,750,3+1+2
497,497,811,59591,河南,历史类,2026,750,3+1+2
496,496,774,60365,河南,历史类,2026,750,3+1+2
495,495,816,61181,河南,历史类,2026,750,3+1+2
494,494,781,61962,河南,历史类,2026,750,3+1+2
493,493,813,62775,河南,历史类,2026,750,3+1+2
492,492,856,63631,河南,历史类,2026,750,3+1+2
490,490,1634,65265,河南,历史类,2026,750,3+1+2
488,488,1693,66958,河南,历史类,2026,750,3+1+2
487,487,862,67820,河南,历史类,2026,750,3+1+2
486,486,858,68678,河南,历史类,2026,750,3+1+2
485,485,839,69517,河南,历史类,2026,750,3+1+2
484,484,874,70391,河南,历史类,2026,750,3+1+2
483,483,849,71240,河南,历史类,2026,750,3+1+2
482,482,843,72083,河南,历史类,2026,750,3+1+2
481,481,858,72941,河南,历史类,2026,750,3+1+2
480,480,881,73822,河南,历史类,2026,750,3+1+2
479,479,836,74658,河南,历史类,2026,750,3+1+2
478,478,851,75509,河南,历史类,2026,750,3+1+2
475,475,2644,78153,河南,历史类,2026,750,3+1+2
473,473,1775,79928,河南,历史类,2026,750,3+1+2
472,472,892,80820,河南,历史类,2026,750,3+1+2
471,471,859,81679,河南,历史类,2026,750,3+1+2
470,470,907,82586,河南,历史类,2026,750,3+1+2
469,469,942,83528,河南,历史类,2026,750,3+1+2
468,468,943,84471,河南,历史类,2026,750,3+1+2
465,465,2731,87202,河南,历史类,2026,750,3+1+2
464,464,947,88149,河南,历史类,2026,750,3+1+2
463,463,867,89016,河南,历史类,2026,750,3+1+2
462,462,892,89908,河南,历史类,2026,750,3+1+2
461,461,922,90830,河南,历史类,2026,750,3+1+2
460,460,923,91753,河南,历史类,2026,750,3+1+2
459,459,1003,92756,河南,历史类,2026,750,3+1+2
458,458,972,93728,河南,历史类,2026,750,3+1+2
457,457,903,94631,河南,历史类,2026,750,3+1+2
456,456,934,95565,河南,历史类,2026,750,3+1+2
455,455,908,96473,河南,历史类,2026,750,3+1+2
454,454,941,97414,河南,历史类,2026,750,3+1+2
453,453,928,98342,河南,历史类,2026,750,3+1+2
452,452,951,99293,河南,历史类,2026,750,3+1+2
450,450,1957,101250,河南,历史类,2026,750,3+1+2
449,449,955,102205,河南,历史类,2026,750,3+1+2
448,448,991,103196,河南,历史类,2026,750,3+1+2
447,447,953,104149,河南,历史类,2026,750,3+1+2
446,446,985,105134,河南,历史类,2026,750,3+1+2
445,445,938,106072,河南,历史类,2026,750,3+1+2
444,444,992,107064,河南,历史类,2026,750,3+1+2
443,443,941,108005,河南,历史类,2026,750,3+1+2
442,442,949,108954,河南,历史类,2026,750,3+1+2
441,441,991,109945,河南,历史类,2026,750,3+1+2
440,440,941,110886,河南,历史类,2026,750,3+1+2
439,439,959,111845,河南,历史类,2026,750,3+1+2
438,438,1018,112863,河南,历史类,2026,750,3+1+2
437,437,1009,113872,河南,历史类,2026,750,3+1+2
436,436,992,114864,河南,历史类,2026,750,3+1+2
435,435,1040,115904,河南,历史类,2026,750,3+1+2
431,431,4106,120010,河南,历史类,2026,750,3+1+2
430,430,994,121004,河南,历史类,2026,750,3+1+2
429,429,1027,122031,河南,历史类,2026,750,3+1+2
428,428,1066,123097,河南,历史类,2026,750,3+1+2
427,427,1053,124150,河南,历史类,2026,750,3+1+2
426,426,1058,125208,河南,历史类,2026,750,3+1+2
425,425,1060,126268,河南,历史类,2026,750,3+1+2
424,424,1069,127337,河南,历史类,2026,750,3+1+2
423,423,1076,128413,河南,历史类,2026,750,3+1+2
422,422,1105,129518,河南,历史类,2026,750,3+1+2
421,421,1055,130573,河南,历史类,2026,750,3+1+2
420,420,1087,131660,河南,历史类,2026,750,3+1+2
417,417,3187,134847,河南,历史类,2026,750,3+1+2
416,416,1098,135945,河南,历史类,2026,750,3+1+2
415,415,1107,137052,河南,历史类,2026,750,3+1+2
414,414,1115,138167,河南,历史类,2026,750,3+1+2
413,413,1087,139254,河南,历史类,2026,750,3+1+2
412,412,1119,140373,河南,历史类,2026,750,3+1+2
411,411,1075,141448,河南,历史类,2026,750,3+1+2
409,409,2258,143706,河南,历史类,2026,750,3+1+2
407,407,2179,145885,河南,历史类,2026,750,3+1+2
406,406,1083,146968,河南,历史类,2026,750,3+1+2
405,405,1153,148121,河南,历史类,2026,750,3+1+2
404,404,1122,149243,河南,历史类,2026,750,3+1+2
403,403,1143,150386,河南,历史类,2026,750,3+1+2
402,402,1117,151503,河南,历史类,2026,750,3+1+2
401,401,1140,152643,河南,历史类,2026,750,3+1+2
400,400,1099,153742,河南,历史类,2026,750,3+1+2
399,399,1193,154935,河南,历史类,2026,750,3+1+2
398,398,1211,156146,河南,历史类,2026,750,3+1+2
397,397,1128,157274,河南,历史类,2026,750,3+1+2
396,396,1147,158421,河南,历史类,2026,750,3+1+2
394,394,2288,160709,河南,历史类,2026,750,3+1+2
392,392,2376,163085,河南,历史类,2026,750,3+1+2
391,391,1184,164269,河南,历史类,2026,750,3+1+2
390,390,1137,165406,河南,历史类,2026,750,3+1+2
389,389,1137,166543,河南,历史类,2026,750,3+1+2
388,388,1182,167725,河南,历史类,2026,750,3+1+2
387,387,1148,168873,河南,历史类,2026,750,3+1+2
384,384,3448,172321,河南,历史类,2026,750,3+1+2
383,383,1147,173468,河南,历史类,2026,750,3+1+2
382,382,1182,174650,河南,历史类,2026,750,3+1+2
381,381,1198,175848,河南,历史类,2026,750,3+1+2
380,380,1125,176973,河南,历史类,2026,750,3+1+2
379,379,1210,178183,河南,历史类,2026,750,3+1+2
378,378,1123,179306,河南,历史类,2026,750,3+1+2
377,377,1197,180503,河南,历史类,2026,750,3+1+2
376,376,1216,181719,河南,历史类,2026,750,3+1+2
375,375,1170,182889,河南,历史类,2026,750,3+1+2
374,374,1176,184065,河南,历史类,2026,750,3+1+2
373,373,1200,185265,河南,历史类,2026,750,3+1+2
372,372,1128,186393,河南,历史类,2026,750,3+1+2
371,371,1153,187546,河南,历史类,2026,750,3+1+2
369,369,2447,189993,河南,历史类,2026,750,3+1+2
368,368,1247,191240,河南,历史类,2026,750,3+1+2
367,367,1176,192416,河南,历史类,2026,750,3+1+2
366,366,1213,193629,河南,历史类,2026,750,3+1+2
365,365,1206,194835,河南,历史类,2026,750,3+1+2
364,364,1213,196048,河南,历史类,2026,750,3+1+2
363,363,1225,197273,河南,历史类,2026,750,3+1+2
362,362,1158,198431,河南,历史类,2026,750,3+1+2
361,361,1171,199602,河南,历史类,2026,750,3+1+2
360,360,1198,200800,河南,历史类,2026,750,3+1+2
359,359,1197,201997,河南,历史类,2026,750,3+1+2
358,358,1156,203153,河南,历史类,2026,750,3+1+2
357,357,1164,204317,河南,历史类,2026,750,3+1+2
356,356,1222,205539,河南,历史类,2026,750,3+1+2
355,355,1190,206729,河南,历史类,2026,750,3+1+2
354,354,1181,207910,河南,历史类,2026,750,3+1+2
350,350,4688,212598,河南,历史类,2026,750,3+1+2
349,349,1255,213853,河南,历史类,2026,750,3+1+2
348,348,1158,215011,河南,历史类,2026,750,3+1+2
347,347,1100,216111,河南,历史类,2026,750,3+1+2
346,346,1117,217228,河南,历史类,2026,750,3+1+2
345,345,1165,218393,河南,历史类,2026,750,3+1+2
344,344,1201,219594,河南,历史类,2026,750,3+1+2
343,343,1180,220774,河南,历史类,2026,750,3+1+2
342,342,1132,221906,河南,历史类,2026,750,3+1+2
341,341,1174,223080,河南,历史类,2026,750,3+1+2
340,340,1091,224171,河南,历史类,2026,750,3+1+2
339,339,1147,225318,河南,历史类,2026,750,3+1+2
338,338,1149,226467,河南,历史类,2026,750,3+1+2
336,336,2245,228712,河南,历史类,2026,750,3+1+2
335,335,1094,229806,河南,历史类,2026,750,3+1+2
334,334,1170,230976,河南,历史类,2026,750,3+1+2
333,333,1138,232114,河南,历史类,2026,750,3+1+2
332,332,1194,233308,河南,历史类,2026,750,3+1+2
331,331,1188,234496,河南,历史类,2026,750,3+1+2
330,330,1133,235629,河南,历史类,2026,750,3+1+2
328,328,2241,237870,河南,历史类,2026,750,3+1+2
326,326,2241,240111,河南,历史类,2026,750,3+1+2
325,325,1118,241229,河南,历史类,2026,750,3+1+2
324,324,1148,242377,河南,历史类,2026,750,3+1+2
323,323,1100,243477,河南,历史类,2026,750,3+1+2
322,322,1084,244561,河南,历史类,2026,750,3+1+2
321,321,1077,245638,河南,历史类,2026,750,3+1+2
320,320,1118,246756,河南,历史类,2026,750,3+1+2
319,319,1080,247836,河南,历史类,2026,750,3+1+2
318,318,1125,248961,河南,历史类,2026,750,3+1+2
317,317,1066,250027,河南,历史类,2026,750,3+1+2
315,315,2113,252140,河南,历史类,2026,750,3+1+2
313,313,2117,254257,河南,历史类,2026,750,3+1+2
311,311,2096,256353,河南,历史类,2026,750,3+1+2
310,310,1060,257413,河南,历史类,2026,750,3+1+2
309,309,1053,258466,河南,历史类,2026,750,3+1+2
308,308,968,259434,河南,历史类,2026,750,3+1+2
307,307,1012,260446,河南,历史类,2026,750,3+1+2
306,306,1042,261488,河南,历史类,2026,750,3+1+2
303,303,3041,264529,河南,历史类,2026,750,3+1+2
302,302,1017,265546,河南,历史类,2026,750,3+1+2
301,301,969,266515,河南,历史类,2026,750,3+1+2
300,300,952,267467,河南,历史类,2026,750,3+1+2
299,299,988,268455,河南,历史类,2026,750,3+1+2
298,298,937,269392,河南,历史类,2026,750,3+1+2
297,297,954,270346,河南,历史类,2026,750,3+1+2
296,296,966,271312,河南,历史类,2026,750,3+1+2
295,295,939,272251,河南,历史类,2026,750,3+1+2
294,294,960,273211,河南,历史类,2026,750,3+1+2
293,293,978,274189,河南,历史类,2026,750,3+1+2
292,292,894,275083,河南,历史类,2026,750,3+1+2
291,291,918,276001,河南,历史类,2026,750,3+1+2
290,290,868,276869,河南,历史类,2026,750,3+1+2
288,288,1704,278573,河南,历史类,2026,750,3+1+2
287,287,887,279460,河南,历史类,2026,750,3+1+2
286,286,888,280348,河南,历史类,2026,750,3+1+2
285,285,851,281199,河南,历史类,2026,750,3+1+2
284,284,887,282086,河南,历史类,2026,750,3+1+2
283,283,775,282861,河南,历史类,2026,750,3+1+2
282,282,787,283648,河南,历史类,2026,750,3+1+2
281,281,806,284454,河南,历史类,2026,750,3+1+2
280,280,790,285244,河南,历史类,2026,750,3+1+2
279,279,806,286050,河南,历史类,2026,750,3+1+2
278,278,768,286818,河南,历史类,2026,750,3+1+2
277,277,786,287604,河南,历史类,2026,750,3+1+2
276,276,773,288377,河南,历史类,2026,750,3+1+2
275,275,752,289129,河南,历史类,2026,750,3+1+2
274,274,780,289909,河南,历史类,2026,750,3+1+2
273,273,731,290640,河南,历史类,2026,750,3+1+2
269,269,2713,293353,河南,历史类,2026,750,3+1+2
268,268,651,294004,河南,历史类,2026,750,3+1+2
267,267,627,294631,河南,历史类,2026,750,3+1+2
266,266,653,295284,河南,历史类,2026,750,3+1+2
265,265,638,295922,河南,历史类,2026,750,3+1+2
264,264,598,296520,河南,历史类,2026,750,3+1+2
263,263,596,297116,河南,历史类,2026,750,3+1+2
262,262,563,297679,河南,历史类,2026,750,3+1+2
261,261,558,298237,河南,历史类,2026,750,3+1+2
260,260,538,298775,河南,历史类,2026,750,3+1+2
259,259,514,299289,河南,历史类,2026,750,3+1+2
258,258,528,299817,河南,历史类,2026,750,3+1+2
255,255,1497,301314,河南,历史类,2026,750,3+1+2
254,254,483,301797,河南,历史类,2026,750,3+1+2
253,253,461,302258,河南,历史类,2026,750,3+1+2
252,252,526,302784,河南,历史类,2026,750,3+1+2
251,251,451,303235,河南,历史类,2026,750,3+1+2
250,250,464,303699,河南,历史类,2026,750,3+1+2
249,249,449,304148,河南,历史类,2026,750,3+1+2
247,247,858,305006,河南,历史类,2026,750,3+1+2
245,245,704,305710,河南,历史类,2026,750,3+1+2
244,244,403,306113,河南,历史类,2026,750,3+1+2
243,243,350,306463,河南,历史类,2026,750,3+1+2
242,242,324,306787,河南,历史类,2026,750,3+1+2
241,241,323,307110,河南,历史类,2026,750,3+1+2
240,240,312,307422,河南,历史类,2026,750,3+1+2
239,239,314,307736,河南,历史类,2026,750,3+1+2
238,238,315,308051,河南,历史类,2026,750,3+1+2
237,237,329,308380,河南,历史类,2026,750,3+1+2
236,236,296,308676,河南,历史类,2026,750,3+1+2
235,235,270,308946,河南,历史类,2026,750,3+1+2
234,234,282,309228,河南,历史类,2026,750,3+1+2
232,232,501,309729,河南,历史类,2026,750,3+1+2
230,230,463,310192,河南,历史类,2026,750,3+1+2
229,229,214,310406,河南,历史类,2026,750,3+1+2
228,228,237,310643,河南,历史类,2026,750,3+1+2
227,227,204,310847,河南,历史类,2026,750,3+1+2
226,226,187,311034,河南,历史类,2026,750,3+1+2
225,225,186,311220,河南,历史类,2026,750,3+1+2
222,222,506,311726,河南,历史类,2026,750,3+1+2
221,221,166,311892,河南,历史类,2026,750,3+1+2
220,220,136,312028,河南,历史类,2026,750,3+1+2
219,219,134,312162,河南,历史类,2026,750,3+1+2
218,218,129,312291,河南,历史类,2026,750,3+1+2
217,217,159,312450,河南,历史类,2026,750,3+1+2
216,216,149,312599,河南,历史类,2026,750,3+1+2
215,215,140,312739,河南,历史类,2026,750,3+1+2
214,214,112,312851,河南,历史类,2026,750,3+1+2
213,213,105,312956,河南,历史类,2026,750,3+1+2
212,212,103,313059,河南,历史类,2026,750,3+1+2
211,211,95,313154,河南,历史类,2026,750,3+1+2
210,210,89,313243,河南,历史类,2026,750,3+1+2
209,209,88,313331,河南,历史类,2026,750,3+1+2
207,207,183,313514,河南,历史类,2026,750,3+1+2
206,206,73,313587,河南,历史类,2026,750,3+1+2
205,205,77,313664,河南,历史类,2026,750,3+1+2
204,204,85,313749,河南,历史类,2026,750,3+1+2
203,203,76,313825,河南,历史类,2026,750,3+1+2
202,202,84,313909,河南,历史类,2026,750,3+1+2
201,201,75,313984,河南,历史类,2026,750,3+1+2
200,200,67,314051,河南,历史类,2026,750,3+1+2
199,199,69,314120,河南,历史类,2026,750,3+1+2
198,198,66,314186,河南,历史类,2026,750,3+1+2
197,197,54,314240,河南,历史类,2026,750,3+1+2
196,196,43,314283,河南,历史类,2026,750,3+1+2
195,195,55,314338,河南,历史类,2026,750,3+1+2
194,194,40,314378,河南,历史类,2026,750,3+1+2
193,193,47,314425,河南,历史类,2026,750,3+1+2
192,192,48,314473,河南,历史类,2026,750,3+1+2
188,188,173,314646,河南,历史类,2026,750,3+1+2
187,187,35,314681,河南,历史类,2026,750,3+1+2
186,186,39,314720,河南,历史类,2026,750,3+1+2
185,185,27,314747,河南,历史类,2026,750,3+1+2
184,184,39,314786,河南,历史类,2026,750,3+1+2
183,183,26,314812,河南,历史类,2026,750,3+1+2
182,182,24,314836,河南,历史类,2026,750,3+1+2
181,181,37,314873,河南,历史类,2026,750,3+1+2
180,180,32,314905,河南,历史类,2026,750,3+1+2
179,179,33,314938,河南,历史类,2026,750,3+1+2
178,178,28,314966,河南,历史类,2026,750,3+1+2
177,177,19,314985,河南,历史类,2026,750,3+1+2
173,173,100,315085,河南,历史类,2026,750,3+1+2
172,172,23,315108,河南,历史类,2026,750,3+1+2
171,171,21,315129,河南,历史类,2026,750,3+1+2
170,170,19,315148,河南,历史类,2026,750,3+1+2
169,169,22,315170,河南,历史类,2026,750,3+1+2
168,168,28,315198,河南,历史类,2026,750,3+1+2
166,166,35,315233,河南,历史类,2026,750,3+1+2
164,164,48,315281,河南,历史类,2026,750,3+1+2
163,163,21,315302,河南,历史类,2026,750,3+1+2
162,162,13,315315,河南,历史类,2026,750,3+1+2
161,161,16,315331,河南,历史类,2026,750,3+1+2
160,160,13,315344,河南,历史类,2026,750,3+1+2
159,159,20,315364,河南,历史类,2026,750,3+1+2
158,158,18,315382,河南,历史类,2026,750,3+1+2
157,157,15,315397,河南,历史类,2026,750,3+1+2
156,156,18,315415,河南,历史类,2026,750,3+1+2
155,155,10,315425,河南,历史类,2026,750,3+1+2
153,153,29,315454,河南,历史类,2026,750,3+1+2
151,151,24,315478,河南,历史类,2026,750,3+1+2
149,149,27,315505,河南,历史类,2026,750,3+1+2
148,148,12,315517,河南,历史类,2026,750,3+1+2
147,147,11,315528,河南,历史类,2026,750,3+1+2
146,146,5,315533,河南,历史类,2026,750,3+1+2
145,145,5,315538,河南,历史类,2026,750,3+1+2
144,144,10,315548,河南,历史类,2026,750,3+1+2
141,141,27,315575,河南,历史类,2026,750,3+1+2
140,140,14,315589,河南,历史类,2026,750,3+1+2
139,139,8,315597,河南,历史类,2026,750,3+1+2
138,138,9,315606,河南,历史类,2026,750,3+1+2
137,137,8,315614,河南,历史类,2026,750,3+1+2
136,136,9,315623,河南,历史类,2026,750,3+1+2
135,135,8,315631,河南,历史类,2026,750,3+1+2
134,134,13,315644,河南,历史类,2026,750,3+1+2
133,133,11,315655,河南,历史类,2026,750,3+1+2
132,132,6,315661,河南,历史类,2026,750,3+1+2
131,131,8,315669,河南,历史类,2026,750,3+1+2
130,130,10,315679,河南,历史类,2026,750,3+1+2
129,129,5,315684,河南,历史类,2026,750,3+1+2
128,128,4,315688,河南,历史类,2026,750,3+1+2
126,126,12,315700,河南,历史类,2026,750,3+1+2
125,125,3,315703,河南,历史类,2026,750,3+1+2
124,124,4,315707,河南,历史类,2026,750,3+1+2
123,123,4,315711,河南,历史类,2026,750,3+1+2
122,122,6,315717,河南,历史类,2026,750,3+1+2
121,121,4,315721,河南,历史类,2026,750,3+1+2
120,120,4,315725,河南,历史类,2026,750,3+1+2
119,119,4,315729,河南,历史类,2026,750,3+1+2
118,118,4,315733,河南,历史类,2026,750,3+1+2
117,117,5,315738,河南,历史类,2026,750,3+1+2
116,116,3,315741,河南,历史类,2026,750,3+1+2
111,111,15,315756,河南,历史类,2026,750,3+1+2
107,107,15,315771,河南,历史类,2026,750,3+1+2
106,106,3,315774,河南,历史类,2026,750,3+1+2
105,105,5,315779,河南,历史类,2026,750,3+1+2
104,104,7,315786,河南,历史类,2026,750,3+1+2
